{
  "last_real_fill_level": 7377.7,
  "last_step_level": 7377.35096,
  "side": "SELL",
  "updated_ts": 1779122190.0876231
}