{
  "last_real_fill_level": 7381.3,
  "last_step_level": 7380.30328,
  "side": "SELL",
  "updated_ts": 1779123148.3145013
}