{
  "last_real_fill_level": 2150.45,
  "last_step_level": 2150.4934829999997,
  "side": "BUY",
  "updated_ts": 1779108727.6479828
}